Station	Latitude	Longitude	Area
02AA002	48.072	-89.533	389.00
02AB001	48.556	-89.589	3630.00
02AB002	48.546	-89.624	2850.00
02AB003	48.492	-89.600	6790.00
02AB004	48.708	-89.633	3760.00
02AB005	48.543	-89.783	2560.00
02AB006	48.532	-89.595	6470.00
02AB006	48.532	-89.595	6470.00
02AB006	48.532	-89.595	6470.00
02AB007	48.368	-89.565	7740.00
02AB008	48.383	-89.307	187.00
02AB008	48.383	-89.307	187.00
02AB008	48.383	-89.307	187.00
02AB009	48.556	-89.682	2800.00
02AB010	48.416	-89.631	6710.00
02AB011	48.620	-90.062	NA
02AB012	48.608	-90.456	174.00
02AB013	48.657	-90.418	526.00
02AB014	48.520	-89.175	105.00
02AB014	48.520	-89.175	105.00
02AB015	48.536	-89.236	492.00
02AB016	48.419	-89.265	145.00
02AB017	48.292	-89.810	226.00
02AB017	48.292	-89.810	226.00
02AB017	48.292	-89.810	226.00
02AB018	48.410	-89.217	NA
02AB019	48.449	-89.219	45.60
02AB019	48.449	-89.219	45.60
02AB020	48.483	-89.325	83.10
02AB020	48.483	-89.325	83.10
02AB020	48.483	-89.325	83.10
02AB021	48.562	-89.241	407.00
02AB021	48.562	-89.241	407.00
02AB021	48.562	-89.241	407.00
02AB022	48.429	-89.546	42.60
02AB022	48.429	-89.546	42.60
02AB023	48.326	-89.404	181.00
02AB023	48.326	-89.404	181.00
02AB024	48.443	-89.358	54.20
02AB024	48.443	-89.358	54.20
02AB025	48.346	-89.360	7740.00
02AB025	48.346	-89.360	7740.00
02AB026	48.346	-89.386	8100.00
02AB027	48.359	-89.604	581.00
02AC001	48.822	-88.535	726.00
02AC001	48.822	-88.535	726.00
02AC001	48.822	-88.535	726.00
02AC002	48.904	-88.377	2980.00
02AC002	48.904	-88.377	2980.00
02AC002	48.904	-88.377	2980.00
02AD002	49.150	-88.333	23600.00
02AD003	49.369	-88.144	NA
02AD006	49.417	-88.217	24500.00
02AD007	49.434	-88.132	NA
02AD008	49.308	-88.311	24600.00
02AD009	50.638	-88.208	NA
02AD010	49.598	-87.965	652.00
02AD010	49.598	-87.965	652.00
02AD011	49.764	-87.768	2190.00
02AD012	49.123	-88.358	24700.00
02AD012	49.123	-88.358	24700.00
02AE001	48.926	-87.690	608.00
02AE001	48.926	-87.690	608.00
02AE001	48.926	-87.690	608.00
02BA002	48.778	-86.884	1190.00
02BA002	48.778	-86.884	1190.00
02BA003	48.849	-86.607	1320.00
02BA003	48.849	-86.607	1320.00
02BA003	48.849	-86.607	1320.00
02BA004	48.834	-87.520	NA
02BA005	48.978	-87.377	10.80
02BA005	48.978	-87.377	10.80
02BA005	48.978	-87.377	10.80
02BA006	48.814	-86.859	1190.00
02BA006	48.814	-86.859	1190.00
02BB002	48.689	-86.213	1980.00
02BB002	48.689	-86.213	1980.00
02BB002	48.689	-86.213	1980.00
02BB003	48.774	-86.297	4220.00
02BB003	48.774	-86.297	4220.00
02BB003	48.774	-86.297	4220.00
02BB004	48.705	-85.908	210.00
02BB004	48.705	-85.908	210.00
02BC002	48.667	-85.700	2400.00
02BC003	48.700	-85.633	NA
02BC003	48.700	-85.633	NA
02BC004	48.655	-85.742	4160.00
02BC004	48.655	-85.742	4160.00
02BC004	48.655	-85.742	4160.00
02BC005	48.061	-85.803	533.00
02BC005	48.061	-85.803	533.00
02BC005	48.061	-85.803	533.00
02BC006	48.160	-85.731	407.00
02BC006	48.160	-85.731	407.00
02BC007	48.693	-85.642	NA
02BC008	48.588	-85.891	4210.00
02BC008	48.588	-85.891	4210.00
02BD001	48.068	-84.741	1640.00
02BD002	47.911	-84.743	5310.00
02BD003	47.939	-84.831	1930.00
02BD003	47.939	-84.831	1930.00
02BD004	47.962	-84.898	NA
02BD005	48.480	-84.533	702.00
02BD006	47.989	-84.768	31.40
02BD006	47.989	-84.768	31.40
02BD007	48.022	-84.813	1950.00
02BD007	48.022	-84.813	1950.00
02BE001	47.275	-84.433	2850.00
02BE002	47.214	-84.619	2880.00
02BF001	47.004	-84.516	1230.00
02BF001	47.004	-84.516	1230.00
02BF001	47.004	-84.516	1230.00
02BF002	46.861	-83.972	1140.00
02BF002	46.861	-83.972	1140.00
02BF002	46.861	-83.972	1140.00
02BF003	46.531	-84.397	18.60
02BF004	46.516	-84.465	51.00
02BF004	46.516	-84.465	51.00
02BF004	46.516	-84.465	51.00
02BF005	47.063	-84.431	10.40
02BF005	47.063	-84.431	10.40
02BF006	47.051	-84.413	8.03
02BF006	47.051	-84.413	8.03
02BF007	47.045	-84.410	5.05
02BF007	47.045	-84.410	5.05
02BF008	47.046	-84.403	4.08
02BF008	47.046	-84.403	4.08
02BF009	47.058	-84.400	2.04
02BF009	47.058	-84.400	2.04
02BF010	46.529	-84.586	NA
02BF011	46.512	-84.367	NA
02BF012	47.063	-84.393	1.15
02BF012	47.063	-84.393	1.15
02BF013	47.042	-84.417	0.07
02BF013	47.042	-84.417	0.07
02BF014	46.717	-84.285	1830.00
02BF014	46.717	-84.285	1830.00
02CA001	46.509	-84.362	210000.00
02CA002	46.563	-84.282	109.00
02CA002	46.563	-84.282	109.00
02CA002	46.563	-84.282	109.00
02CA003	46.533	-84.131	NA
02CA004	46.496	-84.284	NA
02CA005	46.511	-84.343	NA
02CA006	46.254	-83.551	NA
02CA007	46.530	-83.710	272.00
02CA007	46.530	-83.710	272.00
02CB001	46.912	-83.211	4040.00
02CB002	46.867	-83.155	2150.00
02CB002	46.867	-83.155	2150.00
02CB003	46.968	-83.417	1450.00
02CB003	46.968	-83.417	1450.00
02CC002	46.279	-83.224	9040.00
02CC003	46.254	-83.185	9250.00
02CC004	46.244	-83.156	9270.00
02CC005	46.394	-83.283	1970.00
02CC005	46.394	-83.283	1970.00
02CC006	46.414	-83.393	7100.00
02CC007	46.435	-83.385	6840.00
02CC008	46.201	-83.025	9260.00
02CC008	46.201	-83.025	9260.00
02CC008	46.201	-83.025	9260.00
02CC009	46.316	-83.291	9010.00
02CC010	46.581	-82.968	1210.00
02CC010	46.581	-82.968	1210.00
02CD001	46.211	-82.512	1350.00
02CD001	46.211	-82.512	1350.00
02CD001	46.211	-82.512	1350.00
02CD002	46.481	-82.648	109.00
02CD003	46.486	-82.481	319.00
02CD004	46.374	-82.438	567.00
02CD005	46.500	-82.521	99.50
02CD006	46.512	-82.600	157.00
02CD006	46.512	-82.600	157.00
02CD007	46.353	-82.644	4.58
02CD008	46.388	-82.582	2.09
02CD009	46.387	-82.572	2.76
02CD010	46.382	-82.579	3.01
02CE001	46.268	-81.772	11400.00
02CE002	46.215	-82.071	1340.00
02CE002	46.215	-82.071	1340.00
02CE002	46.215	-82.071	1340.00
02CE003	46.264	-81.874	NA
02CE004	46.381	-81.569	6800.00
02CE007	46.430	-81.600	40.60
02CE007	46.430	-81.600	40.60
02CE103	46.408	-81.578	41.20
02CF001	46.394	-81.282	3600.00
02CF001	46.394	-81.282	3600.00
02CF002	46.333	-81.350	4070.00
02CF004	46.315	-81.522	4190.00
02CF005	46.479	-81.010	87.00
02CF005	46.479	-81.010	87.00
02CF007	46.583	-81.199	277.00
02CF007	46.583	-81.199	277.00
02CF008	46.610	-81.033	179.00
02CF008	46.610	-81.033	179.00
02CF009	46.498	-81.007	21.50
02CF009	46.498	-81.007	21.50
02CF010	46.599	-81.382	1650.00
02CF010	46.599	-81.382	1650.00
02CF011	46.685	-81.009	680.00
02CF011	46.685	-81.009	680.00
02CF011	46.685	-81.009	680.00
02CF012	46.427	-81.098	199.00
02CF012	46.427	-81.098	199.00
02CF013	46.636	-81.391	40.60
02CF013	46.636	-81.391	40.60
02CF014	46.819	-80.957	541.00
02CF014	46.819	-80.957	541.00
02CF100	46.715	-80.950	635.00
02CG001	45.900	-82.267	243.00
02CG002	45.981	-81.924	NA
02CG003	45.652	-81.987	17.90
02CG003	45.652	-81.987	17.90
02CG004	45.694	-82.335	63.10
02CG004	45.694	-82.335	63.10
02CG005	45.750	-82.185	157.00
02CH001	46.119	-81.728	930.00
02CH002	46.274	-81.345	624.00
02DA001	46.664	-80.673	2540.00
02DA002	46.656	-80.768	NA
02DB001	46.522	-80.710	2770.00
02DB002	46.317	-80.838	3240.00
02DB003	46.472	-80.819	2820.00
02DB004	46.479	-80.819	64.80
02DB005	46.346	-80.840	3150.00
02DB005	46.346	-80.840	3150.00
02DB005	46.346	-80.840	3150.00
02DB006	46.521	-80.711	2750.00
02DB007	46.475	-80.822	59.00
02DB007	46.475	-80.822	59.00
02DB008	46.160	-80.923	NA
02DC001	46.450	-79.867	6660.00
02DC002	46.450	-79.867	6660.00
02DC003	46.450	-79.863	6660.00
02DC004	46.637	-80.263	3010.00
02DC004	46.637	-80.263	3010.00
02DC005	46.596	-80.187	2460.00
02DC006	46.501	-79.893	570.00
02DC007	46.778	-79.979	1360.00
02DC008	46.679	-79.995	2360.00
02DC009	46.712	-79.737	298.00
02DC010	47.063	-79.796	NA
02DC011	46.937	-80.431	1800.00
02DC012	46.970	-80.459	1200.00
02DC012	46.970	-80.459	1200.00
02DC013	46.428	-79.662	164.00
02DC013	46.428	-79.662	164.00
02DD001	46.094	-79.396	761.00
02DD002	45.963	-79.406	420.00
02DD004	46.021	-80.573	13900.00
02DD005	46.097	-79.479	787.00
02DD006	46.312	-79.474	NA
02DD007	46.125	-80.015	12300.00
02DD008	46.331	-79.506	90.40
02DD009	45.848	-79.379	316.00
02DD010	46.069	-80.612	13900.00
02DD010	46.069	-80.612	13900.00
02DD010	46.069	-80.612	13900.00
02DD012	46.408	-80.123	741.00
02DD012	46.408	-80.123	741.00
02DD013	46.263	-79.395	68.60
02DD013	46.263	-79.395	68.60
02DD014	46.312	-79.448	35.60
02DD014	46.312	-79.448	35.60
02DD014	46.312	-79.448	35.60
02DD015	45.949	-79.607	104.00
02DD015	45.949	-79.607	104.00
02DD016	46.121	-80.018	NA
02DD016	46.121	-80.018	NA
02DD017	46.121	-80.027	NA
02DD017	46.121	-80.027	NA
02DD018	46.142	-80.114	NA
02DD019	46.144	-80.128	NA
02DD020	46.123	-80.079	NA
02DD020	46.123	-80.079	NA
02DD021	46.126	-80.012	NA
02DD022	45.920	-80.242	NA
02DD023	45.840	-79.357	NA
02DD024	46.178	-79.310	301.00
02DD024	46.178	-79.310	301.00
02DD025	46.035	-80.760	1.55
02DD026	46.106	-80.265	199.00
02DD026	46.106	-80.265	199.00
02DD027	46.120	-80.018	NA
02DD028	45.985	-80.410	NA
02DD029	46.017	-80.604	NA
02DD030	46.006	-80.540	NA
02DD031	45.995	-80.478	NA
02EA001	45.403	-79.907	984.00
02EA005	45.669	-79.379	329.00
02EA005	45.669	-79.379	329.00
02EA006	45.618	-79.388	650.00
02EA007	45.772	-80.481	2800.00
02EA008	45.707	-79.877	1850.00
02EA009	45.682	-80.469	46.60
02EA010	45.704	-79.309	155.00
02EA010	45.704	-79.309	155.00
02EA010	45.704	-79.309	155.00
02EA010	45.704	-79.309	155.00
02EA010	45.704	-79.309	155.00
02EA010	45.704	-79.309	155.00
02EA011	45.773	-80.482	2840.00
02EA011	45.773	-80.482	2840.00
02EA011	45.773	-80.482	2840.00
02EA012	45.549	-80.285	235.00
02EA013	45.688	-80.439	35.50
02EA014	45.339	-80.036	NA
02EA015	45.665	-79.641	NA
02EA016	45.572	-79.367	NA
02EA017	45.665	-79.642	NA
02EA018	45.557	-79.288	403.00
02EA018	45.557	-79.288	403.00
02EA019	45.669	-79.745	NA
02EA020	45.718	-79.417	NA
02EA021	45.559	-80.038	70.40
02EA021	45.559	-80.038	70.40
02EB002	44.983	-79.251	1730.00
02EB003	44.989	-79.202	1710.00
02EB004	45.213	-79.275	1410.00
02EB004	45.213	-79.275	1410.00
02EB005	45.025	-79.674	4840.00
02EB006	45.022	-79.678	4770.00
02EB007	45.183	-79.276	1440.00
02EB008	45.148	-79.114	1400.00
02EB008	45.148	-79.114	1400.00
02EB009	45.029	-79.697	NA
02EB010	45.016	-79.689	NA
02EB011	45.065	-79.790	4790.00
02EB011	45.065	-79.790	4790.00
02EB011	45.065	-79.790	4790.00
02EB012	45.023	-79.777	NA
02EB012	45.023	-79.777	NA
02EB012	45.023	-79.777	NA
02EB013	45.393	-79.160	610.00
02EB013	45.393	-79.160	610.00
02EB014	45.312	-78.989	605.00
02EB014	45.312	-78.989	605.00
02EB015	45.013	-79.614	NA
02EB016	45.324	-79.212	NA
02EB017	45.264	-78.814	NA
02EB018	45.070	-79.494	NA
02EB019	45.149	-79.113	1400.00
02EB020	45.120	-79.576	NA
02EB021	45.220	-79.276	NA
02EB022	45.542	-78.695	NA
02EB023	44.986	-79.829	NA
02EB103	45.239	-79.584	130.00
02EB104	44.932	-79.356	40.70
02EB105	45.179	-79.524	155.00
02EC001	44.776	-79.335	5390.00
02EC002	44.714	-79.282	1510.00
02EC002	44.714	-79.282	1510.00
02EC003	44.857	-79.542	5850.00
02EC004	44.754	-79.319	NA
02EC005	44.764	-79.330	NA
02EC006	44.741	-79.328	NA
02EC007	44.746	-79.325	NA
02EC008	44.261	-79.344	272.00
02EC008	44.261	-79.344	272.00
02EC009	44.095	-79.490	176.00
02EC009	44.095	-79.490	176.00
02EC009	44.095	-79.490	176.00
02EC010	44.012	-79.686	51.30
02EC010	44.012	-79.686	51.30
02EC011	44.397	-79.071	291.00
02EC011	44.397	-79.071	291.00
02EC012	44.305	-79.360	324.00
02EC013	44.749	-79.332	NA
02EC014	44.775	-79.297	5310.00
02EC014	44.775	-79.297	5310.00
02EC015	44.473	-79.167	NA
02EC016	44.770	-79.350	NA
02EC017	44.767	-79.333	3700.00
02EC018	44.268	-79.195	347.00
02EC018	44.268	-79.195	347.00
02EC019	44.993	-79.050	354.00
02EC019	44.993	-79.050	354.00
02EC020	44.497	-79.468	40.20
02EC020	44.497	-79.468	40.20
02EC021	44.138	-79.113	40.60
02EC021	44.138	-79.113	40.60
02EC022	44.726	-79.070	233.00
02EC022	44.726	-79.070	233.00
02EC023	44.752	-79.332	NA
02EC101	44.112	-79.122	24.30
02EC103	44.268	-79.195	332.00
02EC918	44.773	-79.353	NA
02ED001	44.196	-79.802	1080.00
02ED003	44.250	-79.821	1230.00
02ED003	44.250	-79.821	1230.00
02ED003	44.250	-79.821	1230.00
02ED003	44.250	-79.821	1230.00
02ED003	44.250	-79.821	1230.00
02ED003	44.250	-79.821	1230.00
02ED004	44.119	-79.762	207.00
02ED005	44.304	-80.002	295.00
02ED005	44.304	-80.002	295.00
02ED006	44.378	-80.098	NA
02ED007	44.707	-79.644	168.00
02ED007	44.707	-79.644	168.00
02ED007	44.707	-79.644	168.00
02ED008	44.377	-80.096	NA
02ED009	44.425	-79.644	94.80
02ED010	44.444	-79.730	127.00
02ED011	44.694	-79.883	168.00
02ED012	44.508	-80.220	NA
02ED013	44.650	-79.904	121.00
02ED013	44.650	-79.904	121.00
02ED013	44.650	-79.904	121.00
02ED014	44.200	-79.960	190.00
02ED014	44.200	-79.960	190.00
02ED015	44.307	-80.072	244.00
02ED015	44.307	-80.072	244.00
02ED015	44.307	-80.072	244.00
02ED016	44.592	-79.871	15.30
02ED017	44.726	-79.779	65.20
02ED017	44.726	-79.779	65.20
02ED017	44.726	-79.779	65.20
02ED018	44.730	-79.720	103.00
02ED018	44.730	-79.720	103.00
02ED019	44.764	-79.953	20.80
02ED019	44.764	-79.953	20.80
02ED020	44.759	-79.701	NA
02ED021	44.758	-79.699	NA
02ED022	44.739	-79.637	NA
02ED023	44.768	-79.620	NA
02ED024	44.768	-79.578	244.00
02ED024	44.768	-79.578	244.00
02ED024	44.768	-79.578	244.00
02ED025	44.501	-80.238	30.50
02ED025	44.501	-80.238	30.50
02ED026	44.025	-79.970	176.00
02ED026	44.025	-79.970	176.00
02ED027	44.485	-79.966	2690.00
02ED027	44.485	-79.966	2690.00
02ED027	44.485	-79.966	2690.00
02ED028	44.668	-79.457	24.00
02ED028	44.668	-79.457	24.00
02ED029	44.131	-79.781	479.00
02ED029	44.131	-79.781	479.00
02ED030	44.647	-79.452	10.50
02ED030	44.647	-79.452	10.50
02ED031	44.500	-80.199	68.20
02ED031	44.500	-80.199	68.20
02ED032	44.443	-79.799	231.00
02ED032	44.443	-79.799	231.00
02ED033	44.753	-79.888	NA
02ED100	44.049	-79.803	86.00
02ED100	44.049	-79.803	86.00
02ED101	44.111	-79.890	328.00
02ED101	44.111	-79.890	328.00
02ED102	44.153	-79.897	216.00
02ED102	44.153	-79.897	216.00
02FA001	44.678	-81.256	913.00
02FA001	44.678	-81.256	913.00
02FA001	44.678	-81.256	913.00
02FA002	45.037	-81.336	50.50
02FA002	45.037	-81.336	50.50
02FA002	45.037	-81.336	50.50
02FA003	45.257	-81.663	NA
02FA004	44.536	-81.178	312.00
02FA004	44.536	-81.178	312.00
02FA005	44.462	-81.149	233.00
02FB001	44.339	-80.539	254.00
02FB003	44.344	-80.539	262.00
02FB004	44.321	-80.400	81.60
02FB005	44.604	-80.597	342.00
02FB006	44.450	-80.447	127.00
02FB007	44.522	-80.930	183.00
02FB007	44.522	-80.930	183.00
02FB007	44.522	-80.930	183.00
02FB008	44.300	-80.517	179.00
02FB009	44.520	-80.468	587.00
02FB009	44.520	-80.468	587.00
02FB009	44.520	-80.468	587.00
02FB010	44.570	-80.648	298.00
02FB010	44.570	-80.648	298.00
02FB010	44.570	-80.648	298.00
02FB012	44.464	-80.486	105.00
02FB012	44.464	-80.486	105.00
02FB013	44.346	-80.540	279.00
02FB013	44.346	-80.540	279.00
02FB014	44.472	-80.777	56.20
02FB014	44.472	-80.777	56.20
02FC001	44.456	-81.326	3950.00
02FC001	44.456	-81.326	3950.00
02FC001	44.456	-81.326	3950.00
02FC001	44.456	-81.326	3950.00
02FC001	44.456	-81.326	3950.00
02FC001	44.456	-81.326	3950.00
02FC002	44.120	-81.115	2140.00
02FC002	44.120	-81.115	2140.00
02FC004	44.262	-80.766	249.00
02FC005	44.326	-80.662	109.00
02FC009	44.312	-80.657	9.32
02FC011	44.113	-81.019	156.00
02FC011	44.113	-81.019	156.00
02FC012	44.099	-80.985	635.00
02FC012	44.099	-80.985	635.00
02FC013	44.318	-81.246	262.00
02FC014	44.192	-80.857	381.00
02FC015	44.268	-81.269	670.00
02FC015	44.268	-81.269	670.00
02FC016	44.185	-80.787	329.00
02FC016	44.185	-80.787	329.00
02FC017	44.090	-80.742	50.70
02FC017	44.090	-80.742	50.70
02FC018	44.318	-81.041	216.00
02FC019	44.407	-80.763	59.80
02FC019	44.407	-80.763	59.80
02FC020	44.001	-81.284	125.00
02FC020	44.001	-81.284	125.00
02FC021	44.161	-80.929	99.90
02FC021	44.161	-80.929	99.90
02FD001	44.095	-81.726	156.00
02FD001	44.095	-81.726	156.00
02FD001	44.095	-81.726	156.00
02FD002	43.965	-81.513	54.90
02FD002	43.965	-81.513	54.90
02FD002	43.965	-81.513	54.90
02FD002	43.965	-81.513	54.90
02FD002	43.965	-81.513	54.90
02FD002	43.965	-81.513	54.90
02FD003	44.173	-81.631	100.00
02FD003	44.173	-81.631	100.00
02FE001	43.718	-81.626	2460.00
02FE002	43.887	-81.326	1640.00
02FE002	43.887	-81.326	1640.00
02FE003	43.727	-80.973	73.40
02FE003	43.727	-80.973	73.40
02FE004	43.825	-81.491	1760.00
02FE004	43.825	-81.491	1760.00
02FE004	43.825	-81.491	1760.00
02FE004	43.825	-81.491	1760.00
02FE005	43.915	-81.264	527.00
02FE005	43.915	-81.264	527.00
02FE007	43.854	-81.251	340.00
02FE007	43.854	-81.251	340.00
02FE008	43.813	-81.307	645.00
02FE008	43.813	-81.307	645.00
02FE009	43.684	-81.541	371.00
02FE009	43.684	-81.541	371.00
02FE009	43.684	-81.541	371.00
02FE009	43.684	-81.541	371.00
02FE009	43.684	-81.541	371.00
02FE010	43.676	-81.075	205.00
02FE010	43.676	-81.075	205.00
02FE011	43.904	-80.893	112.00
02FE011	43.904	-80.893	112.00
02FE012	43.745	-81.728	NA
02FE013	43.718	-81.125	416.00
02FE013	43.718	-81.125	416.00
02FE014	43.760	-81.463	74.70
02FE014	43.760	-81.463	74.70
02FE015	43.718	-81.626	2540.00
02FE015	43.718	-81.626	2540.00
02FE015	43.718	-81.626	2540.00
02FE016	43.579	-81.401	178.00
02FE016	43.579	-81.401	178.00
02FE017	43.893	-81.063	79.40
02FE017	43.893	-81.063	79.40
02FE018	43.895	-81.037	NA
02FE018	43.895	-81.037	NA
02FF001	43.078	-81.796	NA
02FF002	43.072	-81.660	865.00
02FF002	43.072	-81.660	865.00
02FF002	43.072	-81.660	865.00
02FF002	43.072	-81.660	865.00
02FF002	43.072	-81.660	865.00
02FF002	43.072	-81.660	865.00
02FF003	43.170	-81.683	124.00
02FF004	43.161	-81.732	42.70
02FF004	43.161	-81.732	42.70
02FF005	43.217	-81.746	28.50
02FF006	43.272	-81.750	33.70
02FF007	43.551	-81.590	460.00
02FF007	43.551	-81.590	460.00
02FF007	43.551	-81.590	460.00
02FF008	43.164	-81.632	113.00
02FF008	43.164	-81.632	113.00
02FF008	43.164	-81.632	113.00
02FF009	43.362	-81.509	114.00
02FF009	43.362	-81.509	114.00
02FF010	43.193	-81.814	1110.00
02FF011	43.545	-81.396	15.50
02FF011	43.545	-81.396	15.50
02FF012	42.984	-82.319	75.60
02FF012	42.984	-82.319	75.60
02FF013	43.181	-81.448	144.00
02FF013	43.181	-81.448	144.00
02FF014	43.419	-81.495	18.40
02FF014	43.419	-81.495	18.40
02FF015	43.590	-81.584	22.10
02FF015	43.590	-81.584	22.10
02FF016	43.286	-81.416	63.90
02FF016	43.286	-81.416	63.90
02GA001	43.790	-80.317	769.00
02GA002	43.541	-80.494	1420.00
02GA003	43.353	-80.316	3520.00
02GA003	43.353	-80.316	3520.00
02GA003	43.353	-80.316	3520.00
02GA003	43.353	-80.316	3520.00
02GA003	43.353	-80.316	3520.00
02GA004	43.277	-80.347	3600.00
02GA005	43.694	-80.445	168.00
02GA005	43.694	-80.445	168.00
02GA006	43.541	-80.553	790.00
02GA006	43.541	-80.553	790.00
02GA007	43.612	-80.249	180.00
02GA008	43.432	-80.311	707.00
02GA009	43.360	-80.310	117.00
02GA010	43.190	-80.455	1030.00
02GA010	43.190	-80.455	1030.00
02GA010	43.190	-80.455	1030.00
02GA010	43.190	-80.455	1030.00
02GA010	43.190	-80.455	1030.00
02GA011	43.533	-80.233	500.00
02GA012	43.593	-80.245	233.00
02GA013	43.524	-80.515	821.00
02GA014	43.862	-80.272	663.00
02GA014	43.862	-80.272	663.00
02GA014	43.862	-80.272	663.00
02GA015	43.534	-80.252	568.00
02GA015	43.534	-80.252	568.00
02GA016	43.731	-80.341	785.00
02GA016	43.731	-80.341	785.00
02GA017	43.757	-80.671	324.00
02GA018	43.377	-80.711	544.00
02GA018	43.377	-80.711	544.00
02GA020	43.559	-80.267	269.00
02GA022	43.897	-80.284	655.00
02GA023	43.580	-80.509	114.00
02GA023	43.580	-80.509	114.00
02GA023	43.580	-80.509	114.00
02GA023	43.580	-80.509	114.00
02GA023	43.580	-80.509	114.00
02GA023	43.580	-80.509	114.00
02GA024	43.472	-80.514	59.20
02GA024	43.472	-80.514	59.20
02GA027	43.829	-80.299	749.00
02GA028	43.655	-80.702	571.00
02GA028	43.655	-80.702	571.00
02GA029	43.548	-80.182	231.00
02GA029	43.548	-80.182	231.00
02GA030	43.372	-80.551	47.40
02GA030	43.372	-80.551	47.40
02GA031	43.576	-80.109	41.50
02GA031	43.576	-80.109	41.50
02GA031	43.576	-80.109	41.50
02GA032	43.531	-80.305	2.51
02GA032	43.531	-80.305	2.51
02GA032	43.531	-80.305	2.51
02GA032	43.531	-80.305	2.51
02GA032	43.531	-80.305	2.51
02GA033	43.663	-80.255	64.80
02GA034	43.585	-80.481	1170.00
02GA034	43.585	-80.481	1170.00
02GA035	43.651	-80.572	27.70
02GA035	43.651	-80.572	27.70
02GA035	43.651	-80.572	27.70
02GA035	43.651	-80.572	27.70
02GA035	43.651	-80.572	27.70
02GA036	43.670	-80.597	17.90
02GA036	43.670	-80.597	17.90
02GA036	43.670	-80.597	17.90
02GA036	43.670	-80.597	17.90
02GA036	43.670	-80.597	17.90
02GA037	43.439	-80.476	25.10
02GA038	43.484	-80.835	326.00
02GA038	43.484	-80.835	326.00
02GA039	43.784	-80.638	275.00
02GA039	43.784	-80.638	275.00
02GA039	43.784	-80.638	275.00
02GA040	43.639	-80.270	167.00
02GA040	43.639	-80.270	167.00
02GA040	43.639	-80.270	167.00
02GA041	44.140	-80.363	66.50
02GA041	44.140	-80.363	66.50
02GA042	43.823	-80.718	60.40
02GA042	43.823	-80.718	60.40
02GA043	43.364	-80.633	14.90
02GA043	43.364	-80.633	14.90
02GA044	43.384	-80.636	2.19
02GA044	43.384	-80.636	2.19
02GA045	43.365	-80.632	7.34
02GA045	43.365	-80.632	7.34
02GA046	43.384	-80.625	3.46
02GA046	43.384	-80.625	3.46
02GA047	43.422	-80.333	762.00
02GA047	43.422	-80.333	762.00
02GA048	43.413	-80.417	2490.00
02GA048	43.413	-80.417	2490.00
02GA049	43.596	-80.894	71.60
02GA049	43.596	-80.894	71.60
02GA050	43.616	-80.583	22.50
02GA050	43.616	-80.583	22.50
02GB001	43.133	-80.267	5200.00
02GB001	43.133	-80.267	5200.00
02GB001	43.133	-80.267	5200.00
02GB001	43.133	-80.267	5200.00
02GB001	43.133	-80.267	5200.00
02GB002	43.022	-79.892	5910.00
02GB003	43.149	-80.356	399.00
02GB004	43.110	-80.135	298.00
02GB005	43.021	-79.915	NA
02GB006	43.174	-80.553	150.00
02GB006	43.174	-80.553	150.00
02GB007	43.147	-80.155	389.00
02GB007	43.147	-80.155	389.00
02GB007	43.147	-80.155	389.00
02GB008	43.126	-80.384	386.00
02GB008	43.126	-80.384	386.00
02GB009	43.099	-80.489	91.90
02GB010	43.034	-79.950	173.00
02GB010	43.034	-79.950	173.00
02GB010	43.034	-79.950	173.00
02GB011	43.068	-80.261	29.00
02GC001	42.600	-80.517	699.00
02GC002	42.778	-81.214	331.00
02GC002	42.778	-81.214	331.00
02GC002	42.778	-81.214	331.00
02GC004	42.685	-80.796	697.00
02GC004	42.685	-80.796	697.00
02GC004	42.685	-80.796	697.00
02GC004	42.685	-80.796	697.00
02GC004	42.685	-80.796	697.00
02GC005	42.853	-80.510	54.40
02GC006	42.838	-80.510	370.00
02GC006	42.838	-80.510	370.00
02GC007	42.686	-80.538	567.00
02GC007	42.686	-80.538	567.00
02GC007	42.686	-80.538	567.00
02GC007	42.686	-80.538	567.00
02GC007	42.686	-80.538	567.00
02GC007	42.686	-80.538	567.00
02GC008	42.823	-80.289	144.00
02GC008	42.823	-80.289	144.00
02GC008	42.823	-80.289	144.00
02GC009	42.654	-80.549	81.40
02GC010	42.857	-80.724	354.00
02GC010	42.857	-80.724	354.00
02GC011	42.987	-80.445	154.00
02GC011	42.987	-80.445	154.00
02GC012	42.854	-80.328	51.30
02GC013	42.628	-80.472	75.90
02GC014	42.766	-80.295	65.80
02GC014	42.766	-80.295	65.80
02GC015	42.756	-80.807	104.00
02GC015	42.756	-80.807	104.00
02GC016	42.653	-80.781	109.00
02GC017	42.966	-80.543	101.00
02GC017	42.966	-80.543	101.00
02GC018	42.746	-81.057	295.00
02GC018	42.746	-81.057	295.00
02GC018	42.746	-81.057	295.00
02GC021	42.653	-80.548	68.40
02GC021	42.653	-80.548	68.40
02GC021	42.653	-80.548	68.40
02GC022	42.810	-80.076	177.00
02GC022	42.810	-80.076	177.00
02GC022	42.810	-80.076	177.00
02GC023	42.725	-80.317	5.18
02GC024	42.694	-80.967	27.20
02GC025	42.652	-80.771	10.10
02GC026	42.711	-80.841	665.00
02GC026	42.711	-80.841	665.00
02GC026	42.711	-80.841	665.00
02GC026	42.711	-80.841	665.00
02GC026	42.711	-80.841	665.00
02GC026	42.711	-80.841	665.00
02GC027	42.659	-81.213	NA
02GC028	42.781	-80.202	NA
02GC029	42.835	-81.135	134.00
02GC029	42.835	-81.135	134.00
02GC030	42.774	-80.983	127.00
02GC030	42.774	-80.983	127.00
02GC031	42.787	-81.268	99.60
02GC031	42.787	-81.268	99.60
02GC032	42.883	-81.131	3.17
02GC033	42.881	-81.156	4.00
02GC034	42.953	-80.164	3.96
02GC035	42.824	-79.993	118.00
02GC035	42.824	-79.993	118.00
02GC036	42.676	-80.953	40.30
02GC036	42.676	-80.953	40.30
02GC037	42.967	-80.343	22.20
02GC037	42.967	-80.343	22.20
02GC038	42.728	-80.627	44.20
02GC038	42.728	-80.627	44.20
02GD001	42.974	-81.209	1340.00
02GD001	42.974	-81.209	1340.00
02GD003	43.041	-81.183	1420.00
02GD003	43.041	-81.183	1420.00
02GD003	43.041	-81.183	1420.00
02GD004	43.059	-80.995	306.00
02GD004	43.059	-80.995	306.00
02GD005	43.256	-81.146	1080.00
02GD005	43.256	-81.146	1080.00
02GD006	43.019	-80.926	554.00
02GD007	43.007	-81.268	1700.00
02GD008	43.014	-81.280	203.00
02GD008	43.014	-81.280	203.00
02GD009	43.273	-81.103	149.00
02GD009	43.273	-81.103	149.00
02GD010	43.220	-81.237	144.00
02GD010	43.220	-81.237	144.00
02GD011	43.122	-80.752	87.80
02GD011	43.122	-80.752	87.80
02GD012	43.144	-80.751	254.00
02GD013	43.092	-81.151	38.90
02GD014	43.450	-81.207	315.00
02GD014	43.450	-81.207	315.00
02GD015	43.149	-81.192	1320.00
02GD015	43.149	-81.192	1320.00
02GD015	43.149	-81.192	1320.00
02GD016	43.041	-80.886	510.00
02GD016	43.041	-80.886	510.00
02GD016	43.041	-80.886	510.00
02GD016	43.041	-80.886	510.00
02GD016	43.041	-80.886	510.00
02GD016	43.041	-80.886	510.00
02GD018	43.345	-81.116	140.00
02GD018	43.345	-81.116	140.00
02GD018	43.345	-81.116	140.00
02GD019	43.296	-80.973	36.00
02GD019	43.296	-80.973	36.00
02GD020	42.994	-81.117	108.00
02GD021	43.215	-80.692	149.00
02GD021	43.215	-80.692	149.00
02GD021	43.215	-80.692	149.00
02GD021	43.215	-80.692	149.00
02GD021	43.215	-80.692	149.00
02GD022	43.130	-80.963	29.10
02GD022	43.130	-80.963	29.10
02GD023	43.305	-80.850	34.20
02GD023	43.305	-80.850	34.20
02GD024	43.256	-80.823	3.72
02GD025	43.285	-80.821	3.51
02GD026	43.377	-80.938	74.50
02GD026	43.377	-80.938	74.50
02GD026	43.377	-80.938	74.50
02GD027	42.982	-80.955	145.00
02GD027	42.982	-80.955	145.00
02GD028	43.022	-81.253	37.30
02GD028	43.022	-81.253	37.30
02GE001	42.964	-81.389	3290.00
02GE002	42.963	-81.332	3080.00
02GE002	42.963	-81.332	3080.00
02GE003	42.545	-81.967	4370.00
02GE003	42.545	-81.967	4370.00
02GE003	42.545	-81.967	4370.00
02GE003	42.545	-81.967	4370.00
02GE003	42.545	-81.967	4370.00
02GE003	42.545	-81.967	4370.00
02GE004	42.414	-82.179	4610.00
02GE005	42.934	-81.351	149.00
02GE005	42.934	-81.351	149.00
02GE006	42.731	-81.577	3820.00
02GE006	42.731	-81.577	3820.00
02GE007	42.383	-82.095	204.00
02GE007	42.383	-82.095	204.00
02GE007	42.383	-82.095	204.00
02GE007	42.383	-82.095	204.00
02GE007	42.383	-82.095	204.00
02GE008	42.966	-81.418	85.70
02GE008	42.966	-81.418	85.70
02GE009	42.205	-82.520	56.90
02GE009	42.205	-82.520	56.90
02GF001	42.210	-82.181	11.40
02GF002	42.260	-81.915	NA
02GG002	42.831	-81.852	701.00
02GG002	42.831	-81.852	701.00
02GG003	42.651	-82.008	1150.00
02GG003	42.651	-82.008	1150.00
02GG003	42.651	-82.008	1150.00
02GG003	42.651	-82.008	1150.00
02GG003	42.651	-82.008	1150.00
02GG004	42.764	-82.342	609.00
02GG005	42.959	-81.627	171.00
02GG005	42.959	-81.627	171.00
02GG006	42.906	-82.119	249.00
02GG006	42.906	-82.119	249.00
02GG007	42.594	-82.109	1240.00
02GG008	42.593	-82.383	2680.00
02GG009	42.812	-82.298	536.00
02GG009	42.812	-82.298	536.00
02GG009	42.812	-82.298	536.00
02GG010	42.991	-82.422	NA
02GG011	42.657	-82.507	NA
02GG013	42.762	-82.259	213.00
02GG013	42.762	-82.259	213.00
02GH001	42.046	-82.575	14.20
02GH001	42.046	-82.575	14.20
02GH001	42.046	-82.575	14.20
02GH001	42.046	-82.575	14.20
02GH001	42.046	-82.575	14.20
02GH002	42.211	-82.629	125.00
02GH002	42.211	-82.629	125.00
02GH002	42.211	-82.629	125.00
02GH003	42.159	-83.019	159.00
02GH003	42.159	-83.019	159.00
02GH003	42.159	-83.019	159.00
02GH004	42.261	-83.040	29.60
02GH004	42.261	-83.040	29.60
02GH004	42.261	-83.040	29.60
02GH005	42.296	-82.711	NA
02GH006	42.339	-82.923	NA
02GH007	42.242	-83.105	NA
02GH008	42.144	-83.114	NA
02GH009	42.062	-83.115	NA
02GH010	42.027	-82.735	NA
02GH011	42.310	-82.928	55.30
02GH011	42.310	-82.928	55.30
02GH011	42.310	-82.928	55.30
02GH013	42.205	-82.787	3.90
02GH014	42.194	-82.737	3.19
02GH016	42.264	-83.032	14.60
02GH016	42.264	-83.032	14.60
02HA003	43.157	-79.047	686000.00
02HA006	43.133	-79.383	292.00
02HA006	43.133	-79.383	292.00
02HA006	43.133	-79.383	292.00
02HA007	43.022	-79.618	223.00
02HA007	43.022	-79.618	223.00
02HA007	43.022	-79.618	223.00
02HA008	42.912	-78.909	NA
02HA013	42.930	-78.914	683000.00
02HA013	42.930	-78.914	683000.00
02HA014	43.241	-79.774	51.70
02HA014	43.241	-79.774	51.70
02HA014	43.241	-79.774	51.70
02HA015	43.171	-79.948	2.08
02HA016	43.166	-79.909	4.38
02HA017	42.875	-79.253	NA
02HA018	43.237	-79.220	NA
02HA019	42.950	-79.217	NA
02HA020	43.116	-79.566	166.00
02HA020	43.116	-79.566	166.00
02HA021	43.092	-79.799	67.10
02HA022	43.226	-79.751	20.00
02HA022	43.226	-79.751	20.00
02HA022	43.226	-79.751	20.00
02HA023	43.200	-79.820	23.50
02HA023	43.200	-79.820	23.50
02HA023	43.200	-79.820	23.50
02HA024	42.991	-79.678	83.20
02HA024	42.991	-79.678	83.20
02HA024	42.991	-79.678	83.20
02HA025	42.995	-79.253	NA
02HA026	42.949	-79.381	62.40
02HA026	42.949	-79.381	62.40
02HA027	43.216	-79.228	5.25
02HA028	43.005	-79.482	473.00
02HA029	42.945	-79.042	47.50
02HA030	43.196	-79.113	13.50
02HA030	43.196	-79.113	13.50
02HA031	43.115	-79.275	47.40
02HA031	43.115	-79.275	47.40
02HA032	43.075	-79.525	36.60
02HA032	43.075	-79.525	36.60
02HB001	43.836	-80.023	209.00
02HB001	43.836	-80.023	209.00
02HB002	43.543	-79.657	795.00
02HB002	43.543	-79.657	795.00
02HB002	43.543	-79.657	795.00
02HB002	43.543	-79.657	795.00
02HB002	43.543	-79.657	795.00
02HB004	43.499	-79.777	193.00
02HB004	43.499	-79.777	193.00
02HB004	43.499	-79.777	193.00
02HB005	43.514	-79.880	101.00
02HB005	43.514	-79.880	101.00
02HB005	43.514	-79.880	101.00
02HB006	43.307	-79.869	72.50
02HB007	43.265	-79.964	158.00
02HB007	43.265	-79.964	158.00
02HB007	43.265	-79.964	158.00
02HB008	43.647	-79.866	131.00
02HB008	43.647	-79.866	131.00
02HB010	43.265	-79.965	166.00
02HB011	43.437	-79.864	242.00
02HB011	43.437	-79.864	242.00
02HB012	43.301	-79.869	77.90
02HB012	43.301	-79.869	77.90
02HB012	43.301	-79.869	77.90
02HB013	43.891	-80.062	60.60
02HB013	43.891	-80.062	60.60
02HB015	43.353	-80.078	63.50
02HB015	43.353	-80.078	63.50
02HB016	43.399	-79.959	124.00
02HB017	43.300	-79.793	NA
02HB018	43.774	-79.927	415.00
02HB018	43.774	-79.927	415.00
02HB019	43.854	-80.084	59.50
02HB020	43.772	-80.094	32.30
02HB020	43.772	-80.094	32.30
02HB021	43.231	-79.974	9.14
02HB021	43.231	-79.974	9.14
02HB022	43.389	-79.988	123.00
02HB022	43.389	-79.988	123.00
02HB022	43.389	-79.988	123.00
02HB023	43.283	-80.053	126.00
02HB023	43.283	-80.053	126.00
02HB023	43.283	-80.053	126.00
02HB024	43.629	-80.010	18.90
02HB024	43.629	-80.010	18.90
02HB025	43.648	-79.856	645.00
02HB025	43.648	-79.856	645.00
02HB025	43.648	-79.856	645.00
02HB026	43.549	-79.636	NA
02HB027	43.421	-79.703	24.50
02HB027	43.421	-79.703	24.50
02HB028	43.335	-79.949	36.80
02HB028	43.335	-79.949	36.80
02HB029	43.582	-79.709	774.00
02HB029	43.582	-79.709	774.00
02HB030	43.592	-79.624	19.70
02HB030	43.592	-79.624	19.70
02HB031	43.790	-80.143	12.50
02HB031	43.790	-80.143	12.50
02HB032	43.455	-80.046	35.60
02HB032	43.455	-80.046	35.60
02HB033	43.402	-79.993	52.80
02HB033	43.402	-79.993	52.80
02HB034	43.306	-79.863	NA
02HC002	43.627	-79.564	166.00
02HC003	43.699	-79.520	802.00
02HC003	43.699	-79.520	802.00
02HC003	43.699	-79.520	802.00
02HC003	43.699	-79.520	802.00
02HC003	43.699	-79.520	802.00
02HC003	43.699	-79.520	802.00
02HC003	43.699	-79.520	802.00
02HC004	43.772	-79.365	119.00
02HC005	43.740	-79.403	88.10
02HC005	43.740	-79.403	88.10
02HC006	43.853	-79.062	249.00
02HC006	43.853	-79.062	249.00
02HC007	43.792	-79.595	300.00
02HC008	43.731	-79.554	205.00
02HC008	43.731	-79.554	205.00
02HC008	43.731	-79.554	205.00
02HC008	43.731	-79.554	205.00
02HC009	43.790	-79.584	191.00
02HC009	43.790	-79.584	191.00
02HC010	43.869	-79.635	132.00
02HC011	43.785	-79.590	495.00
02HC012	43.928	-79.816	169.00
02HC013	43.778	-79.191	89.10
02HC013	43.778	-79.191	89.10
02HC013	43.778	-79.191	89.10
02HC013	43.778	-79.191	89.10
02HC013	43.778	-79.191	89.10
02HC014	43.815	-79.157	106.00
02HC015	43.814	-79.158	223.00
02HC016	43.811	-79.716	36.30
02HC017	43.692	-79.759	68.60
02HC017	43.692	-79.759	68.60
02HC018	43.875	-78.960	100.00
02HC018	43.875	-78.960	100.00
02HC018	43.875	-78.960	100.00
02HC019	43.891	-79.059	93.50
02HC019	43.891	-79.059	93.50
02HC022	43.858	-79.234	181.00
02HC022	43.858	-79.234	181.00
02HC022	43.858	-79.234	181.00
02HC023	43.888	-79.718	62.20
02HC023	43.888	-79.718	62.20
02HC023	43.888	-79.718	62.20
02HC024	43.686	-79.362	319.00
02HC024	43.686	-79.362	319.00
02HC024	43.686	-79.362	319.00
02HC024	43.686	-79.362	319.00
02HC024	43.686	-79.362	319.00
02HC024	43.686	-79.362	319.00
02HC025	43.811	-79.628	296.00
02HC025	43.811	-79.628	296.00
02HC025	43.811	-79.628	296.00
02HC025	43.811	-79.628	296.00
02HC025	43.811	-79.628	296.00
02HC025	43.811	-79.628	296.00
02HC026	43.902	-79.185	98.10
02HC026	43.902	-79.185	98.10
02HC026	43.902	-79.185	98.10
02HC026	43.902	-79.185	98.10
02HC026	43.902	-79.185	98.10
02HC027	43.674	-79.504	58.00
02HC027	43.674	-79.504	58.00
02HC027	43.674	-79.504	58.00
02HC028	43.908	-79.216	83.60
02HC028	43.908	-79.216	83.60
02HC028	43.908	-79.216	83.60
02HC029	43.757	-79.345	130.00
02HC030	43.602	-79.556	205.00
02HC030	43.602	-79.556	205.00
02HC030	43.602	-79.556	205.00
02HC031	43.758	-79.679	142.00
02HC031	43.758	-79.679	142.00
02HC032	43.903	-79.613	94.80
02HC032	43.903	-79.613	94.80
02HC033	43.647	-79.520	67.80
02HC033	43.647	-79.520	67.80
02HC033	43.647	-79.520	67.80
02HC034	43.738	-79.629	194.00
02HC035	43.955	-79.232	15.30
02HC035	43.955	-79.232	15.30
02HC035	43.955	-79.232	15.30
02HC035	43.955	-79.232	15.30
02HC035	43.955	-79.232	15.30
02HC036	43.919	-79.226	3.63
02HC037	43.906	-79.191	4.92
02HC038	43.916	-79.180	52.00
02HC038	43.916	-79.180	52.00
02HC038	43.916	-79.180	52.00
02HC038	43.916	-79.180	52.00
02HC038	43.916	-79.180	52.00
02HC038	43.916	-79.180	52.00
02HC039	43.935	-79.201	38.30
02HC039	43.935	-79.201	38.30
02HC039	43.935	-79.201	38.30
02HC039	43.935	-79.201	38.30
02HC039	43.935	-79.201	38.30
02HC040	43.954	-79.208	15.00
02HC040	43.954	-79.208	15.00
02HC040	43.954	-79.208	15.00
02HC040	43.954	-79.208	15.00
02HC040	43.954	-79.208	15.00
02HC041	43.959	-79.189	21.70
02HC041	43.959	-79.189	21.70
02HC041	43.959	-79.189	21.70
02HC041	43.959	-79.189	21.70
02HC041	43.959	-79.189	21.70
02HC042	43.911	-79.139	NA
02HC043	43.917	-79.114	2.85
02HC044	43.916	-79.106	3.63
02HC044	43.916	-79.106	3.63
02HC044	43.916	-79.106	3.63
02HC044	43.916	-79.106	3.63
02HC044	43.916	-79.106	3.63
02HC045	43.961	-79.128	25.90
02HC045	43.961	-79.128	25.90
02HC045	43.961	-79.128	25.90
02HC045	43.961	-79.128	25.90
02HC045	43.961	-79.128	25.90
02HC046	43.960	-79.183	10.60
02HC046	43.960	-79.183	10.60
02HC046	43.960	-79.183	10.60
02HC046	43.960	-79.183	10.60
02HC046	43.960	-79.183	10.60
02HC047	43.929	-79.823	164.00
02HC047	43.929	-79.823	164.00
02HC048	43.640	-79.380	NA
02HC049	43.849	-79.056	257.00
02HC049	43.849	-79.056	257.00
02HC049	43.849	-79.056	257.00
02HC050	43.929	-79.828	NA
02HC051	43.924	-79.834	42.00
02HC051	43.924	-79.834	42.00
02HC053	43.926	-79.282	59.00
02HC053	43.926	-79.282	59.00
02HC054	43.959	-78.960	39.00
02HC054	43.959	-78.960	39.00
02HC055	43.932	-78.988	37.60
02HC055	43.932	-78.988	37.60
02HC056	43.827	-79.438	37.30
02HC056	43.827	-79.438	37.30
02HC057	43.970	-79.888	58.53
02HC057	43.970	-79.888	58.53
02HC058	43.753	-79.234	39.30
02HC058	43.753	-79.234	39.30
02HC059	43.969	-79.874	59.10
02HC059	43.969	-79.874	59.10
02HC060	43.927	-79.836	NA
02HC103	43.811	-79.160	215.00
02HC103	43.811	-79.160	215.00
02HC104	43.814	-79.157	111.00
02HC105	43.835	-79.149	NA
02HC106	43.850	-79.087	136.00
02HC106	43.850	-79.087	136.00
02HC106	43.850	-79.087	136.00
02HC106	43.850	-79.087	136.00
02HC114	43.860	-79.086	13.50
02HD001	43.968	-78.295	267.00
02HD002	43.985	-78.302	262.00
02HD003	44.015	-78.437	67.30
02HD003	44.015	-78.437	67.30
02HD004	44.017	-78.439	46.10
02HD004	44.017	-78.439	46.10
02HD006	43.921	-78.702	80.90
02HD006	43.921	-78.702	80.90
02HD006	43.921	-78.702	80.90
02HD007	43.902	-78.673	77.70
02HD008	43.930	-78.892	95.80
02HD008	43.930	-78.892	95.80
02HD008	43.930	-78.892	95.80
02HD009	43.930	-78.619	80.70
02HD009	43.930	-78.619	80.70
02HD009	43.930	-78.619	80.70
02HD010	43.992	-78.001	63.80
02HD010	43.992	-78.001	63.80
02HD010	43.992	-78.001	63.80
02HD012	43.991	-78.328	242.00
02HD012	43.991	-78.328	242.00
02HD012	43.991	-78.328	242.00
02HD013	43.889	-78.825	42.90
02HD013	43.889	-78.825	42.90
02HD013	43.889	-78.825	42.90
02HD013	43.889	-78.825	42.90
02HD013	43.889	-78.825	42.90
02HD013	43.889	-78.825	42.90
02HD013	43.889	-78.825	42.90
02HD014	43.888	-78.821	58.50
02HD014	43.888	-78.821	58.50
02HD014	43.888	-78.821	58.50
02HD014	43.888	-78.821	58.50
02HD014	43.888	-78.821	58.50
02HD015	43.956	-78.164	NA
02HD018	44.060	-77.744	16.80
02HD018	44.060	-77.744	16.80
02HD019	43.965	-78.185	122.00
02HD019	43.965	-78.185	122.00
02HD020	44.029	-78.147	40.60
02HD020	44.029	-78.147	40.60
02HD021	44.006	-78.642	25.10
02HD021	44.006	-78.642	25.10
02HD022	43.988	-78.211	33.60
02HD022	43.988	-78.211	33.60
02HD023	43.979	-78.680	14.70
02HD023	43.979	-78.680	14.70
02HD024	43.997	-78.254	21.00
02HD024	43.997	-78.254	21.00
02HE001	43.991	-77.218	13.90
02HE001	43.991	-77.218	13.90
02HE002	44.027	-77.367	119.00
02HE002	44.027	-77.367	119.00
02HE002	44.027	-77.367	119.00
02HE003	44.091	-77.211	29.30
02HE004	43.935	-77.090	41.20
02HE004	43.935	-77.090	41.20
02HF002	44.732	-78.818	1280.00
02HF002	44.732	-78.818	1280.00
02HF003	44.710	-78.678	1250.00
02HF003	44.710	-78.678	1250.00
02HF003	44.710	-78.678	1250.00
02HF004	44.935	-78.769	21.80
02HF005	44.813	-78.636	1122.00
02HF005	44.813	-78.636	1122.00
02HG001	44.290	-78.842	189.00
02HG001	44.290	-78.842	189.00
02HG002	44.087	-79.006	32.60
02HG002	44.087	-79.006	32.60
02HG003	44.132	-78.829	33.80
02HG003	44.132	-78.829	33.80
02HG006	44.191	-78.862	NA
02HH001	44.642	-78.135	241.00
02HH002	44.675	-78.346	326.00
02HH003	44.124	-78.695	26.30
02HH003	44.124	-78.695	26.30
02HH004	44.540	-78.095	NA
02HH004	44.540	-78.095	NA
02HH005	44.299	-78.556	7.79
02HH006	44.525	-78.729	NA
02HJ001	44.303	-78.321	116.00
02HJ001	44.303	-78.321	116.00
02HJ002	44.422	-78.276	7360.00
02HJ003	44.298	-78.045	283.00
02HJ003	44.298	-78.045	283.00
02HJ005	44.123	-78.389	11.60
02HJ005	44.123	-78.389	11.60
02HJ006	44.310	-78.371	107.00
02HJ006	44.310	-78.371	107.00
02HJ007	44.150	-78.447	45.50
02HJ007	44.150	-78.447	45.50
02HJ008	44.540	-78.095	NA
02HJ008	44.540	-78.095	NA
02HJ009	44.284	-78.172	NA
02HJ010	44.259	-78.334	NA
02HJ011	44.385	-77.976	NA
02HJ012	44.284	-78.172	NA
02HK002	44.371	-77.778	9090.00
02HK003	44.482	-77.685	1930.00
02HK003	44.482	-77.685	1930.00
02HK003	44.482	-77.685	1930.00
02HK004	44.264	-77.603	12000.00
02HK004	44.264	-77.603	12000.00
02HK005	44.845	-77.929	456.00
02HK005	44.845	-77.929	456.00
02HK006	44.535	-77.697	553.00
02HK006	44.535	-77.697	553.00
02HK007	44.135	-77.787	161.00
02HK007	44.135	-77.787	161.00
02HK008	44.338	-77.477	93.00
02HK008	44.338	-77.477	93.00
02HK008	44.338	-77.477	93.00
02HK009	44.197	-77.911	82.60
02HK009	44.197	-77.911	82.60
02HK010	44.124	-77.592	12400.00
02HK010	44.124	-77.592	12400.00
02HK010	44.124	-77.592	12400.00
02HK011	44.109	-77.613	33.00
02HK011	44.109	-77.613	33.00
02HK012	44.269	-77.583	12000.00
02HK014	44.174	-77.589	12333.00
02HK015	44.199	-77.819	79.10
02HK015	44.199	-77.819	79.10
02HK016	44.302	-77.831	35.20
02HK016	44.302	-77.831	35.20
02HK017	44.332	-77.628	118.00
02HK017	44.332	-77.628	118.00
02HK018	44.265	-77.599	NA
02HK019	44.267	-77.594	NA
02HK802	44.371	-77.778	NA
02HK902	44.372	-77.777	NA
02HK902	44.372	-77.777	NA
02HL001	44.254	-77.419	2590.00
02HL001	44.254	-77.419	2590.00
02HL001	44.254	-77.419	2590.00
02HL003	44.540	-77.370	429.00
02HL003	44.540	-77.370	429.00
02HL004	44.550	-77.328	678.00
02HL004	44.550	-77.328	678.00
02HL005	44.500	-77.618	297.00
02HL005	44.500	-77.618	297.00
02HL006	44.285	-77.324	205.00
02HL007	44.488	-77.320	1760.00
02HL007	44.488	-77.320	1760.00
02HL008	44.497	-77.227	313.00
02HL008	44.497	-77.227	313.00
02HL101	44.489	-77.320	1770.00
02HL102	44.482	-77.219	160.00
02HL103	44.285	-77.325	199.00
02HL104	44.408	-77.310	2210.00
02HM001	44.278	-76.929	777.00
02HM002	44.472	-76.762	181.00
02HM002	44.472	-76.762	181.00
02HM003	44.207	-77.209	907.00
02HM003	44.207	-77.209	907.00
02HM003	44.207	-77.209	907.00
02HM004	44.239	-76.849	105.00
02HM004	44.239	-76.849	105.00
02HM004	44.239	-76.849	105.00
02HM005	44.257	-76.613	160.00
02HM005	44.257	-76.613	160.00
02HM005	44.257	-76.613	160.00
02HM006	44.226	-76.759	144.00
02HM006	44.226	-76.759	144.00
02HM006	44.226	-76.759	144.00
02HM007	44.335	-76.839	700.00
02HM007	44.335	-76.839	700.00
02HM007	44.335	-76.839	700.00
02HM008	44.217	-76.518	NA
02HM009	44.241	-76.579	4.98
02HM009	44.241	-76.579	4.98
02HM009	44.241	-76.579	4.98
02HM010	44.486	-76.993	532.00
02HM010	44.486	-76.993	532.00
02HM011	44.413	-76.595	57.80
02HM011	44.413	-76.595	57.80
02JC001	47.794	-79.889	1110.00
02JC003	47.810	-79.999	958.00
02JC007	48.058	-79.992	23.30
02JC008	47.889	-79.879	1780.00
02JC008	47.889	-79.879	1780.00
02JC008	47.889	-79.879	1780.00
02JC009	48.109	-80.106	251.00
02JC010	48.027	-79.578	256.00
02JD002	47.717	-80.317	3650.00
02JD004	47.726	-80.325	4120.00
02JD005	47.842	-80.447	3420.00
02JD006	47.842	-80.450	3420.00
02JD008	47.221	-79.590	6480.00
02JD009	47.639	-80.191	4300.00
02JD009	47.639	-80.191	4300.00
02JD010	47.138	-79.454	6600.00
02JD011	47.461	-79.995	1370.00
02JD012	48.040	-80.704	1780.00
02JD013	47.321	-79.812	270.00
02JD014	47.321	-79.810	6240.00
02JE003	46.667	-79.083	46100.00
02JE008	46.235	-79.150	174.00
02JE011	47.450	-79.630	NA
02JE012	46.378	-78.723	47900.00
02JE013	46.320	-78.711	NA
02JE014	46.301	-78.879	2040.00
02JE018	47.424	-79.633	62.90
02JE019	46.300	-78.879	1130.00
02JE020	46.299	-78.907	909.00
02JE021	47.029	-79.587	749.00
02JE024	46.708	-79.101	NA
02JE027	46.091	-78.885	706.00
02JE027	46.091	-78.885	706.00
02JE028	47.083	-79.731	368.00
02JE028	47.083	-79.731	368.00
02JE032	46.700	-79.099	NA
02KA002	46.183	-77.698	57500.00
02KA003	46.036	-77.371	7.30
02KA004	46.036	-77.379	0.93
02KA005	46.037	-77.376	3.60
02KA006	46.030	-77.371	0.81
02KA007	46.030	-77.375	0.24
02KA008	46.033	-77.379	0.11
02KA009	46.042	-77.382	2.88
02KA010	46.039	-77.375	0.25
02KA015	46.276	-78.479	167.00
02KA015	46.276	-78.479	167.00
02KB001	45.886	-77.315	4120.00
02KB001	45.886	-77.315	4120.00
02KB001	45.886	-77.315	4120.00
02KC001	45.528	-77.081	1740.00
02KC002	45.574	-77.233	NA
02KC002	45.574	-77.233	NA
02KC003	45.482	-76.688	2280.00
02KC005	45.895	-76.912	NA
02KC009	45.496	-76.565	2380.00
02KC009	45.496	-76.565	2380.00
02KC009	45.496	-76.565	2380.00
02KC010	45.620	-77.463	NA
02KC012	45.444	-76.353	NA
02KC013	45.829	-77.117	NA
02KC014	45.785	-77.138	443.00
02KC015	45.798	-77.108	674.00
02KC015	45.798	-77.108	674.00
02KC016	45.487	-76.435	NA
02KC018	45.818	-77.125	465.00
02KC018	45.818	-77.125	465.00
02KD001	45.514	-77.985	1370.00
02KD002	45.052	-77.846	844.00
02KD002	45.052	-77.846	844.00
02KD004	45.328	-77.516	5800.00
02KD004	45.328	-77.516	5800.00
02KD004	45.328	-77.516	5800.00
02KD006	45.497	-78.233	1010.00
02KD007	45.416	-77.788	2720.00
02KD008	45.119	-77.917	NA
02KD009	44.984	-77.417	NA
02KE002	45.406	-76.444	8260.00
02KE003	45.304	-76.708	8000.00
02KE004	45.406	-76.394	8310.00
02KE005	45.407	-76.508	8160.00
02KF001	45.053	-76.286	2660.00
02KF001	45.053	-76.286	2660.00
02KF002	45.417	-76.250	3780.00
02KF003	44.941	-76.688	1280.00
02KF005	45.351	-75.827	90900.00
02KF005	45.351	-75.827	90900.00
02KF005	45.351	-75.827	90900.00
02KF005	45.351	-75.827	90900.00
02KF005	45.351	-75.827	90900.00
02KF006	45.176	-76.123	2940.00
02KF006	45.176	-76.123	2940.00
02KF006	45.176	-76.123	2940.00
02KF007	44.941	-76.727	1040.00
02KF009	45.475	-76.239	89600.00
02KF010	45.046	-76.401	618.00
02KF010	45.046	-76.401	618.00
02KF011	45.418	-76.199	258.00
02KF011	45.418	-76.199	258.00
02KF012	45.245	-76.260	212.00
02KF012	45.245	-76.260	212.00
02KF013	45.134	-76.630	291.00
02KF013	45.134	-76.630	291.00
02KF014	44.950	-76.403	277.00
02KF015	45.344	-75.808	26.50
02KF015	45.344	-75.808	26.50
02KF016	44.843	-77.120	359.00
02KF016	44.843	-77.120	359.00
02KF017	44.968	-76.966	152.00
02KF017	44.968	-76.966	152.00
02KF018	44.948	-76.411	280.00
02KF018	44.948	-76.411	280.00
02KF019	44.972	-76.539	1310.00
02KF019	44.972	-76.539	1310.00
02KF020	44.775	-76.641	139.00
02LA001	44.877	-76.302	528.00
02LA003	45.426	-75.698	NA
02LA004	45.382	-75.697	3810.00
02LA004	45.382	-75.697	3810.00
02LA005	44.891	-76.063	1290.00
02LA006	44.994	-75.662	411.00
02LA006	44.994	-75.662	411.00
02LA006	44.994	-75.662	411.00
02LA007	45.249	-75.791	526.00
02LA007	45.249	-75.791	526.00
02LA007	45.249	-75.791	526.00
02LA008	45.303	-75.740	1.63
02LA009	44.893	-76.056	NA
02LA010	45.046	-75.689	2180.00
02LA011	44.951	-75.818	1920.00
02LA011	44.951	-75.818	1920.00
02LA012	45.248	-75.705	3120.00
02LA012	45.248	-75.705	3120.00
02LA013	45.388	-75.674	20.40
02LA014	44.848	-76.141	398.00
02LA016	44.893	-76.124	786.00
02LA017	44.760	-76.521	357.00
02LA018	44.918	-75.839	NA
02LA024	44.897	-76.253	661.00
02LA024	44.897	-76.253	661.00
02LA026	45.138	-75.703	509.00
02LA027	45.440	-75.693	NA
02LA028	45.421	-75.718	NA
02LA029	44.771	-76.503	NA
02LB005	45.517	-74.978	3807.00
02LB005	45.517	-74.978	3807.00
02LB005	45.517	-74.978	3807.00
02LB005	45.517	-74.978	3807.00
02LB005	45.517	-74.978	3807.00
02LB005	45.517	-74.978	3807.00
02LB006	45.263	-75.344	439.00
02LB006	45.263	-75.344	439.00
02LB007	44.842	-75.544	246.00
02LB007	44.842	-75.544	246.00
02LB008	45.426	-75.153	448.00
02LB008	45.426	-75.153	448.00
02LB008	45.426	-75.153	448.00
02LB009	45.101	-75.226	1050.00
02LB009	45.101	-75.226	1050.00
02LB009	45.101	-75.226	1050.00
02LB010	45.521	-75.412	NA
02LB010	45.521	-75.412	NA
02LB010	45.521	-75.412	NA
02LB012	45.370	-74.900	76.70
02LB013	45.317	-75.091	2410.00
02LB013	45.317	-75.091	2410.00
02LB013	45.317	-75.091	2410.00
02LB013	45.317	-75.091	2410.00
02LB013	45.317	-75.091	2410.00
02LB013	45.317	-75.091	2410.00
02LB014	45.322	-75.093	NA
02LB014	45.322	-75.093	NA
02LB014	45.322	-75.093	NA
02LB015	45.395	-75.066	NA
02LB015	45.395	-75.066	NA
02LB015	45.395	-75.066	NA
02LB016	45.271	-75.218	76.10
02LB017	44.995	-75.516	69.20
02LB017	44.995	-75.516	69.20
02LB018	45.375	-74.948	105.00
02LB018	45.375	-74.948	105.00
02LB019	45.363	-75.250	72.30
02LB020	45.228	-75.413	185.00
02LB020	45.228	-75.413	185.00
02LB021	45.229	-75.326	145.00
02LB022	45.192	-75.105	152.00
02LB022	45.192	-75.105	152.00
02LB022	45.192	-75.105	152.00
02LB027	45.405	-75.102	17.70
02LB027	45.405	-75.102	17.70
02LB028	45.399	-75.283	168.00
02LB029	45.456	-74.942	NA
02LB029	45.456	-74.942	NA
02LB029	45.456	-74.942	NA
02LB030	45.426	-75.051	NA
02LB030	45.426	-75.051	NA
02LB030	45.426	-75.051	NA
02LB030	45.426	-75.051	NA
02LB031	44.998	-75.362	311.00
02LB031	44.998	-75.362	311.00
02LB032	45.491	-74.442	306.00
02LB032	45.491	-74.442	306.00
02LB033	45.521	-75.358	54.10
02LB033	45.521	-75.358	54.10
02LB036	45.504	-75.347	50.60
02LB036	45.504	-75.347	50.60
02LB101	45.375	-75.472	65.00
02MA001	44.546	-76.123	271.00
02MA001	44.546	-76.123	271.00
02MA002	44.579	-76.320	394.00
02MA004	44.549	-76.237	NA
02MA005	44.464	-76.277	NA
02MA006	44.295	-76.446	NA
02MA008	44.565	-76.297	NA
02MB003	44.593	-75.678	NA
02MB005	44.841	-75.310	772000.00
02MB006	44.525	-75.805	107.00
02MB006	44.525	-75.805	107.00
02MB006	44.525	-75.805	107.00
02MB007	44.587	-75.682	NA
02MB008	44.822	-75.321	NA
02MB009	44.837	-75.310	NA
02MB010	44.586	-75.692	52.80
02MB010	44.586	-75.692	52.80
02MB010	44.586	-75.692	52.80
02MC001	45.155	-74.638	404.00
02MC001	45.155	-74.638	404.00
02MC001	45.155	-74.638	404.00
02MC002	45.006	-74.795	774000.00
02MC009	45.029	-74.889	NA
02MC022	45.015	-74.712	NA
02MC023	45.060	-74.554	NA
02MC026	45.273	-74.494	124.00
02MC026	45.273	-74.494	124.00
02MC027	45.081	-74.868	129.00
02MC027	45.081	-74.868	129.00
02MC028	45.327	-74.644	85.40
02MC028	45.327	-74.644	85.40
02MC030	45.049	-74.771	25.80
02MC030	45.049	-74.771	25.80
02MC036	45.317	-74.602	159.00
02MC036	45.317	-74.602	159.00
02MC037	45.306	-74.638	0.44
04CA001	53.051	-93.338	NA
04CA002	53.489	-91.510	36500.00
04CA002	53.489	-91.510	36500.00
04CA002	53.489	-91.510	36500.00
04CA002	53.489	-91.510	36500.00
04CA002	53.489	-91.510	36500.00
04CA003	52.655	-92.514	619.00
04CA003	52.655	-92.514	619.00
04CA003	52.655	-92.514	619.00
04CA003	52.655	-92.514	619.00
04CA003	52.655	-92.514	619.00
04CA004	52.674	-93.991	NA
04CA004	52.674	-93.991	NA
04CA004	52.674	-93.991	NA
04CA004	52.674	-93.991	NA
04CA004	52.674	-93.991	NA
04CA005	52.527	-93.053	NA
04CA005	52.527	-93.053	NA
04CB001	53.350	-91.792	10800.00
04CB001	53.350	-91.792	10800.00
04CB001	53.350	-91.792	10800.00
04CB001	53.350	-91.792	10800.00
04CB001	53.350	-91.792	10800.00
04CC001	55.375	-88.325	94300.00
04CC001	55.375	-88.325	94300.00
04CC001	55.375	-88.325	94300.00
04CC001	55.375	-88.325	94300.00
04CC002	55.128	-88.871	NA
04CD001	54.990	-89.344	21100.00
04CD002	53.994	-92.147	4270.00
04CD002	53.994	-92.147	4270.00
04CD002	53.994	-92.147	4270.00
04CD002	53.994	-92.147	4270.00
04CE001	53.817	-89.900	NA
04CE002	53.767	-89.550	4350.00
04CE002	53.767	-89.550	4350.00
04CE002	53.767	-89.550	4350.00
04CE002	53.767	-89.550	4350.00
04DA001	52.581	-90.187	5960.00
04DA001	52.581	-90.187	5960.00
04DA001	52.581	-90.187	5960.00
04DA001	52.581	-90.187	5960.00
04DA001	52.581	-90.187	5960.00
04DA002	52.960	-87.689	19000.00
04DA002	52.960	-87.689	19000.00
04DA003	52.986	-87.353	NA
04DA004	52.939	-89.275	NA
04DB001	53.712	-87.953	7950.00
04DB001	53.712	-87.953	7950.00
04DB001	53.712	-87.953	7950.00
04DB001	53.712	-87.953	7950.00
04DB001	53.712	-87.953	7950.00
04DB002	53.528	-89.294	3240.00
04DB003	53.528	-88.608	NA
04DC001	54.500	-87.228	50000.00
04DC001	54.500	-87.228	50000.00
04DC001	54.500	-87.228	50000.00
04DC001	54.500	-87.228	50000.00
04DC001	54.500	-87.228	50000.00
04DC002	54.290	-85.652	4710.00
04DC002	54.290	-85.652	4710.00
04DC002	54.290	-85.652	4710.00
04EA001	53.806	-84.918	10400.00
04EA001	53.806	-84.918	10400.00
04EA001	53.806	-84.918	10400.00
04EA001	53.806	-84.918	10400.00
04EA001	53.806	-84.918	10400.00
04ED001	55.199	-83.727	NA
04FA001	51.823	-89.602	9010.00
04FA001	51.823	-89.602	9010.00
04FA002	51.648	-89.887	1540.00
04FA002	51.648	-89.887	1540.00
04FA003	52.308	-88.760	4900.00
04FA003	52.308	-88.760	4900.00
04FA003	52.308	-88.760	4900.00
04FA003	52.308	-88.760	4900.00
04FA003	52.308	-88.760	4900.00
04FB001	52.086	-87.056	24200.00
04FB001	52.086	-87.056	24200.00
04FB002	52.219	-87.886	NA
04FC001	53.091	-85.072	36000.00
04FC001	53.091	-85.072	36000.00
04FC001	53.091	-85.072	36000.00
04FC001	53.091	-85.072	36000.00
04FC001	53.091	-85.072	36000.00
04FC002	52.932	-83.368	NA
04FC003	52.867	-86.241	2310.00
04FC003	52.867	-86.241	2310.00
04GA001	51.133	-90.200	NA
04GA002	51.174	-91.595	5390.00
04GA002	51.174	-91.595	5390.00
04GA002	51.174	-91.595	5390.00
04GA002	51.174	-91.595	5390.00
04GA002	51.174	-91.595	5390.00
04GA003	51.037	-90.198	2230.00
04GA003	51.037	-90.198	2230.00
04GA004	51.194	-90.222	NA
04GB001	50.756	-87.994	13600.00
04GB002	50.756	-87.994	NA
04GB003	50.638	-88.208	NA
04GB004	50.868	-88.932	11200.00
04GB004	50.868	-88.932	11200.00
04GB004	50.868	-88.932	11200.00
04GB004	50.868	-88.932	11200.00
04GB004	50.868	-88.932	11200.00
04GB005	49.611	-90.581	1140.00
04GB005	49.611	-90.581	1140.00
04GC001	51.556	-87.983	NA
04GC002	51.367	-89.422	16300.00
04GC002	51.367	-89.422	16300.00
04GD001	51.642	-86.391	32400.00
04GD001	51.642	-86.391	32400.00
04GD001	51.642	-86.391	32400.00
04GD001	51.642	-86.391	32400.00
04GD001	51.642	-86.391	32400.00
04GD002	51.161	-87.844	1170.00
04GF001	51.526	-85.070	1890.00
04HA001	51.331	-83.833	118000.00
04HA001	51.331	-83.833	118000.00
04HA001	51.331	-83.833	118000.00
04HA001	51.331	-83.833	118000.00
04HA001	51.331	-83.833	118000.00
04HA002	51.854	-82.975	NA
04HA002	51.854	-82.975	NA
04HA003	51.931	-82.016	NA
04JA001	49.783	-84.100	3780.00
04JA002	49.744	-84.104	3780.00
04JC001	49.797	-84.521	2410.00
04JC002	49.773	-84.537	2180.00
04JC002	49.773	-84.537	2180.00
04JC003	49.756	-84.407	3290.00
04JD001	49.769	-86.551	NA
04JD002	49.918	-86.488	4270.00
04JD003	49.068	-87.069	NA
04JD005	49.764	-85.226	2120.00
04JD005	49.764	-85.226	2120.00
04JD006	49.692	-86.881	NA
04JF001	50.661	-86.536	5300.00
04JF001	50.661	-86.536	5300.00
04JF001	50.661	-86.536	5300.00
04JF001	50.661	-86.536	5300.00
04JF001	50.661	-86.536	5300.00
04JG001	50.423	-84.382	26200.00
04JG001	50.423	-84.382	26200.00
04JG001	50.423	-84.382	26200.00
04JG001	50.423	-84.382	26200.00
04JG001	50.423	-84.382	26200.00
04KA001	51.161	-80.864	4250.00
04KA001	51.161	-80.864	4250.00
04KA001	51.161	-80.864	4250.00
04KA001	51.161	-80.864	4250.00
04KA001	51.161	-80.864	4250.00
04KA002	51.254	-80.654	133.00
04KA002	51.254	-80.654	133.00
04KA002	51.254	-80.654	133.00
04KA002	51.254	-80.654	133.00
04KA002	51.254	-80.654	133.00
04LA001	48.479	-81.354	6140.00
04LA002	48.404	-81.448	5570.00
04LA002	48.404	-81.448	5570.00
04LA003	48.330	-81.580	872.00
04LA003	48.330	-81.580	872.00
04LA004	48.345	-81.333	325.00
04LA004	48.345	-81.333	325.00
04LA005	47.715	-81.613	1490.00
04LA006	47.496	-81.849	92.50
04LA006	47.496	-81.849	92.50
04LB001	49.268	-81.642	10000.00
04LB002	48.627	-81.630	926.00
04LB002	48.627	-81.630	926.00
04LC001	48.117	-82.275	3370.00
04LC002	48.183	-82.501	NA
04LC003	48.250	-82.444	1640.00
04LC003	48.250	-82.444	1640.00
04LD001	49.311	-82.041	12400.00
04LD001	49.311	-82.041	12400.00
04LD001	49.311	-82.041	12400.00
04LE002	47.938	-83.061	432.00
04LE002	47.938	-83.061	432.00
04LF001	49.414	-82.440	6760.00
04LF001	49.414	-82.440	6760.00
04LG001	50.064	-82.156	34700.00
04LG002	50.814	-81.294	60100.00
04LG002	50.814	-81.294	60100.00
04LG002	50.814	-81.294	60100.00
04LG002	50.814	-81.294	60100.00
04LG003	50.004	-82.167	34700.00
04LG004	50.752	-81.451	60100.00
04LG004	50.752	-81.451	60100.00
04LG004	50.752	-81.451	60100.00
04LG005	50.247	-82.094	34900.00
04LJ001	49.611	-83.268	8570.00
04LJ001	49.611	-83.268	8570.00
04LJ001	49.611	-83.268	8570.00
04LK001	49.683	-83.657	1170.00
04LK001	49.683	-83.657	1170.00
04LK001	49.683	-83.657	1170.00
04LM001	50.585	-82.091	22900.00
04LM001	50.585	-82.091	22900.00
04LM001	50.585	-82.091	22900.00
04MB002	48.645	-80.675	537.00
04MB003	48.293	-80.545	238.00
04MB004	48.304	-80.580	301.00
04MB004	48.304	-80.580	301.00
04MB005	48.293	-80.545	NA
04MC001	48.762	-80.669	13300.00
04MC002	48.750	-80.583	9950.00
04MD001	49.089	-81.154	3260.00
04MD002	48.792	-81.015	2870.00
04MD003	48.547	-80.974	2540.00
04MD004	48.550	-81.054	408.00
04MD004	48.550	-81.054	408.00
04MD004	48.550	-81.054	408.00
04MD005	48.478	-81.190	NA
04ME001	49.575	-81.386	20700.00
04ME002	49.882	-81.567	22900.00
04ME003	50.603	-81.415	27500.00
04ME003	50.603	-81.415	27500.00
04ME003	50.603	-81.415	27500.00
04ME003	50.603	-81.415	27500.00
04ME003	50.603	-81.415	27500.00
04ME004	50.182	-81.637	23400.00
04ME005	49.972	-81.512	3010.00
04ME005	49.972	-81.512	3010.00
04MF001	51.077	-80.764	6680.00
04MF001	51.077	-80.764	6680.00
04MF001	51.077	-80.764	6680.00
04MF001	51.077	-80.764	6680.00
04MF001	51.077	-80.764	6680.00
05PA001	48.494	-92.644	19300.00
05PA003	48.500	-92.639	NA
05PA005	48.240	-90.769	NA
05PA006	48.383	-92.176	13400.00
05PA006	48.383	-92.176	13400.00
05PA007	48.237	-91.906	NA
05PA010	48.672	-91.135	NA
05PA011	48.355	-92.217	13400.00
05PA012	48.083	-91.651	4510.00
05PA012	48.083	-91.651	4510.00
05PA013	48.497	-92.659	NA
05PB001	48.750	-92.200	5800.00
05PB002	48.772	-92.608	NA
05PB003	48.975	-93.342	1360.00
05PB004	48.858	-93.575	1090.00
05PB007	48.649	-93.321	NA
05PB009	48.744	-92.285	5880.00
05PB012	48.980	-90.730	NA
05PB014	48.850	-92.724	4770.00
05PB014	48.850	-92.724	4770.00
05PB015	48.569	-92.524	443.00
05PB018	48.752	-91.584	358.00
05PB018	48.752	-91.584	358.00
05PB019	48.951	-91.712	NA
05PB020	48.941	-91.698	NA
05PB021	48.925	-91.662	19.80
05PB022	48.894	-91.668	27.90
05PB023	48.842	-93.624	NA
05PB024	48.700	-92.958	NA
05PB025	48.536	-92.561	NA
05PC009	48.621	-93.625	150.00
05PC010	48.688	-93.983	168.00
05PC011	48.753	-94.233	461.00
05PC016	48.590	-93.673	274.00
05PC019	48.609	-93.403	38600.00
05PC021	48.717	-94.564	NA
05PC022	48.678	-93.665	99.90
05PC022	48.678	-93.665	99.90
05PC023	48.798	-94.185	233.00
05PC023	48.798	-94.185	233.00
05PC024	48.614	-93.355	NA
05PC025	48.616	-93.360	NA
05PC027	48.767	-94.665	NA
05PD008	49.133	-94.283	NA
05PD011	49.713	-94.810	NA
05PD014	49.669	-93.762	0.58
05PD015	49.648	-93.726	7.25
05PD016	49.657	-93.839	0.70
05PD017	49.656	-93.732	1.68
05PD018	49.658	-93.748	0.26
05PD019	49.660	-93.744	0.54
05PD020	49.661	-93.742	0.54
05PD021	49.658	-93.727	3.90
05PD022	49.666	-93.728	0.56
05PD023	49.658	-93.727	3.90
05PD024	49.660	-93.713	1.70
05PD025	49.662	-93.708	0.91
05PD026	49.442	-93.983	744.00
05PD027	49.669	-93.758	0.58
05PD028	49.658	-93.740	1.25
05PD029	49.328	-94.853	NA
05PD030	49.414	-94.096	NA
05PD031	49.668	-93.719	0.12
05PD032	49.675	-93.751	0.06
05PD033	49.643	-93.728	8.32
05PD034	49.643	-93.728	8.32
05PE001	49.773	-94.504	NA
05PE003	49.764	-94.558	NA
05PE004	49.764	-94.556	NA
05PE005	49.762	-94.562	NA
05PE006	49.773	-94.503	NA
05PE006	49.773	-94.503	NA
05PE008	49.771	-94.550	NA
05PE009	49.986	-94.663	NA
05PE010	50.117	-94.871	NA
05PE011	49.772	-94.524	NA
05PE011	49.772	-94.524	NA
05PE012	49.772	-94.525	NA
05PE014	49.764	-94.554	NA
05PE015	49.764	-94.558	NA
05PE016	49.771	-94.490	NA
05PE020	49.785	-94.513	70400.00
05PE021	50.131	-94.914	NA
05PE022	49.791	-94.521	NA
05PE023	49.804	-94.506	NA
05PE024	49.827	-94.573	NA
05PE025	49.884	-94.549	NA
05PE026	49.884	-94.586	NA
05PE027	49.870	-94.621	NA
05PE028	49.777	-94.524	NA
05PE028	49.777	-94.524	NA
05PE029	49.772	-94.521	NA
05PE030	49.768	-94.518	NA
05PE031	49.771	-94.550	NA
05PF051	50.212	-95.092	126000.00
05PF051	50.212	-95.092	126000.00
05QA001	50.071	-91.944	13900.00
05QA002	49.873	-91.460	6230.00
05QA002	49.873	-91.460	6230.00
05QA004	50.167	-91.541	4440.00
05QA004	50.167	-91.541	4440.00
05QA005	49.886	-90.931	189.00
05QA006	50.092	-91.913	NA
05QB001	50.320	-92.272	NA
05QB002	50.092	-92.170	NA
05QB003	50.637	-93.178	NA
05QB005	50.869	-91.458	NA
05QB006	50.869	-91.458	NA
05QB007	50.633	-93.167	NA
05QC001	50.874	-93.485	4920.00
05QC001	50.874	-93.485	4920.00
05QC003	50.906	-93.092	2330.00
05QC003	50.906	-93.092	2330.00
05QC004	50.830	-93.464	NA
05QC005	51.034	-93.864	NA
05QC006	51.200	-93.708	58.10
05QC006	51.200	-93.708	58.10
05QC007	50.939	-93.095	2290.00
05QC007	50.939	-93.095	2290.00
05QD001	50.254	-93.917	8080.00
05QD002	49.963	-93.404	6450.00
05QD003	49.789	-93.194	2510.00
05QD006	49.958	-93.401	6490.00
05QD006	49.958	-93.401	6490.00
05QD007	49.690	-93.690	NA
05QD008	49.688	-93.690	0.34
05QD009	49.687	-93.691	0.34
05QD010	49.814	-92.876	2350.00
05QD011	49.658	-93.633	0.09
05QD012	49.708	-93.700	0.48
05QD013	49.721	-93.633	0.71
05QD015	49.689	-93.738	0.97
05QD016	49.782	-92.843	2340.00
05QD017	49.699	-93.714	2.60
05QD018	49.693	-93.711	0.97
05QD019	49.688	-93.714	0.30
05QD020	50.056	-93.476	NA
05QD021	49.699	-93.711	2.60
05QD022	49.673	-93.761	1.02
05QD023	49.680	-93.758	1.02
05QD024	49.673	-93.767	0.07
05QD025	49.708	-93.680	2.03
05QD026	49.746	-93.792	83.50
05QD027	49.676	-93.793	0.38
05QD028	49.676	-93.793	0.38
05QD029	49.957	-93.612	NA
05QE005	50.267	-94.971	52300.00
05QE006	50.633	-93.208	26400.00
05QE007	50.584	-93.454	37000.00
05QE008	50.508	-93.259	1690.00
05QE008	50.508	-93.259	1690.00
05QE009	50.352	-94.466	1530.00
05QE009	50.352	-94.466	1530.00
05QE011	50.355	-94.454	NA
05QE012	50.677	-93.970	548.00
05QE012	50.677	-93.970	548.00
05QE013	50.285	-93.982	NA
05QE014	50.253	-94.472	NA
05QE015	50.152	-94.005	NA
05RC001	51.810	-93.521	5730.00
05RC001	51.810	-93.521	5730.00
